In:,194.145.154.83/0,193.240.145.129/0;esp,reth30.1,Pkts:,0,Bytes:,0
In:,52.211.51.195/4500,193.240.145.129/4500;udp,reth30.1,Pkts:,0,Bytes:,0
In:,74.82.47.5/6854,193.240.145.142/17;udp,reth30.1,Pkts:,1,Bytes:,29
Out:,193.240.145.142/17,74.82.47.5/6854;udp,reth30.0,Pkts:,0,Bytes:,0
In:,52.50.18.253/4500,193.240.145.129/4500;udp,reth30.1,Pkts:,0,Bytes:,0
In:,64.214.106.54/51611,64.214.106.53/179;tcp,.local..4,Pkts:,5452,Bytes:,270214
Out:,64.214.106.53/179,64.214.106.54/51611;tcp,reth30.1,Pkts:,5443,Bytes:,269604
In:,193.240.145.129/500,52.17.122.120/500;udp,.local..4,Pkts:,6476,Bytes:,2046416
Out:,52.17.122.120/500,193.240.145.129/500;udp,reth30.1,Pkts:,0,Bytes:,0
In:,193.240.145.129/500,52.208.239.154/500;udp,.local..4,Pkts:,6652,Bytes:,2102032
Out:,52.208.239.154/500,193.240.145.129/500;udp,reth30.1,Pkts:,0,Bytes:,0
In:,52.50.206.47/4500,193.240.145.129/4500;udp,reth30.1,Pkts:,0,Bytes:,0
In:,52.16.252.154/4500,193.240.145.129/4500;udp,reth30.1,Pkts:,0,Bytes:,0
In:,5.101.40.47/46199,193.240.145.158/33007;tcp,reth30.1,Pkts:,1,Bytes:,40
Out:,193.240.145.158/33007,5.101.40.47/46199;tcp,reth30.0,Pkts:,0,Bytes:,0
In:,82.141.192.101/4500,193.240.145.129/4500;udp,reth30.1,Pkts:,0,Bytes:,0
In:,113.254.80.227/61673,193.240.145.143/2323;tcp,reth30.1,Pkts:,1,Bytes:,40
Out:,193.240.145.143/2323,113.254.80.227/61673;tcp,reth30.0,Pkts:,0,Bytes:,0
In:,52.50.58.59/4500,193.240.145.129/4500;udp,reth30.1,Pkts:,0,Bytes:,0
In:,34.251.221.138/4500,193.240.145.129/4500;udp,reth30.1,Pkts:,0,Bytes:,0
In:,52.209.182.19/4500,193.240.145.129/4500;udp,reth30.1,Pkts:,0,Bytes:,0
In:,64.39.103.237/500,193.240.145.129/500;udp,reth30.1,Pkts:,2,Bytes:,691
Out:,193.240.145.129/500,64.39.103.237/500;udp,.local..4,Pkts:,1,Bytes:,130
In:,193.240.145.129/500,82.141.192.101/500;udp,.local..4,Pkts:,3723,Bytes:,1176468
Out:,82.141.192.101/500,193.240.145.129/500;udp,reth30.1,Pkts:,0,Bytes:,0
In:,52.17.122.120/4500,193.240.145.129/4500;udp,reth30.1,Pkts:,0,Bytes:,0
In:,82.141.192.102/4500,193.240.145.131/4500;udp,reth30.1,Pkts:,0,Bytes:,0
In:,193.240.145.129/500,193.240.183.90/500;udp,.local..4,Pkts:,3720,Bytes:,1175520
Out:,193.240.183.90/500,193.240.145.129/500;udp,reth30.1,Pkts:,0,Bytes:,0
In:,193.240.145.129/500,52.209.135.136/500;udp,.local..4,Pkts:,6522,Bytes:,2060952
Out:,52.209.135.136/500,193.240.145.129/500;udp,reth30.1,Pkts:,0,Bytes:,0
In:,193.240.145.129/500,89.197.20.113/500;udp,.local..4,Pkts:,3720,Bytes:,1175520
Out:,89.197.20.113/500,193.240.145.129/500;udp,reth30.1,Pkts:,0,Bytes:,0
In:,45.32.106.220/33761,193.240.145.128/123;udp,reth30.1,Pkts:,1,Bytes:,220
Out:,193.240.145.128/123,45.32.106.220/33761;udp,reth30.0,Pkts:,0,Bytes:,0
In:,49.248.91.42/28010,193.240.145.129/51657;esp,reth30.1,Pkts:,0,Bytes:,0
In:,41.164.143.68/7384,193.240.145.129/64112;esp,reth30.1,Pkts:,0,Bytes:,0
In:,210.177.15.221/33571,193.240.145.129/58408;esp,reth30.1,Pkts:,0,Bytes:,0
In:,209.64.5.154/1691,193.240.145.129/9801;esp,reth30.1,Pkts:,0,Bytes:,0
In:,80.227.150.194/53967,193.240.145.129/36453;esp,reth30.1,Pkts:,0,Bytes:,0
In:,82.141.192.101/37363,193.240.145.129/11550;esp,reth30.1,Pkts:,0,Bytes:,0
In:,82.141.192.101/0,193.240.145.129/0;esp,reth30.1,Pkts:,0,Bytes:,0
In:,52.30.36.19/39203,193.240.145.129/57859;esp,reth30.1,Pkts:,0,Bytes:,0
In:,52.209.91.168/37860,193.240.145.129/45527;esp,reth30.1,Pkts:,0,Bytes:,0
In:,52.30.220.219/53805,193.240.145.129/7666;esp,reth30.1,Pkts:,0,Bytes:,0
In:,52.17.122.120/10863,193.240.145.129/65516;esp,reth30.1,Pkts:,0,Bytes:,0
In:,52.209.135.136/3043,193.240.145.129/54911;esp,reth30.1,Pkts:,0,Bytes:,0
In:,82.141.192.102/34321,193.240.145.131/9352;esp,reth30.1,Pkts:,0,Bytes:,0
In:,82.141.192.102/0,193.240.145.131/0;esp,reth30.1,Pkts:,0,Bytes:,0
In:,193.240.183.90/17076,193.240.145.129/51440;esp,reth30.1,Pkts:,0,Bytes:,0
In:,193.240.183.90/0,193.240.145.129/0;esp,reth30.1,Pkts:,0,Bytes:,0
In:,52.50.58.59/54493,193.240.145.129/30908;esp,reth30.1,Pkts:,0,Bytes:,0
In:,52.50.206.47/11468,193.240.145.129/2214;esp,reth30.1,Pkts:,0,Bytes:,0
In:,52.30.11.229/58881,193.240.145.129/44336;esp,reth30.1,Pkts:,0,Bytes:,0
In:,52.211.51.195/10885,193.240.145.129/39408;esp,reth30.1,Pkts:,0,Bytes:,0
In:,52.50.18.253/28733,193.240.145.129/20003;esp,reth30.1,Pkts:,0,Bytes:,0
In:,146.101.64.141/5419,193.240.145.129/1998;esp,reth30.1,Pkts:,0,Bytes:,0
In:,197.96.151.221/32964,193.240.145.129/40754;esp,reth30.1,Pkts:,0,Bytes:,0
In:,89.197.20.113/6257,193.240.145.129/5686;esp,reth30.1,Pkts:,0,Bytes:,0
In:,89.197.20.113/0,193.240.145.129/0;esp,reth30.1,Pkts:,0,Bytes:,0
In:,146.101.64.140/37939,193.240.145.129/28295;esp,reth30.1,Pkts:,0,Bytes:,0
In:,52.212.119.21/14573,193.240.145.129/4830;esp,reth30.1,Pkts:,0,Bytes:,0
In:,52.212.119.21/0,193.240.145.129/0;esp,reth30.1,Pkts:,0,Bytes:,0
In:,52.212.128.108/50966,193.240.145.129/11329;esp,reth30.1,Pkts:,0,Bytes:,0
In:,52.212.128.108/0,193.240.145.129/0;esp,reth30.1,Pkts:,0,Bytes:,0
In:,52.49.92.75/50570,193.240.145.129/18346;esp,reth30.1,Pkts:,0,Bytes:,0
In:,41.164.143.69/19857,193.240.145.131/3562;esp,reth30.1,Pkts:,0,Bytes:,0
In:,80.227.152.85/48846,193.240.145.131/45386;esp,reth30.1,Pkts:,0,Bytes:,0
In:,52.212.23.168/19653,193.240.145.129/20443;esp,reth30.1,Pkts:,0,Bytes:,0
In:,52.16.252.154/18074,193.240.145.129/64947;esp,reth30.1,Pkts:,0,Bytes:,0
In:,52.209.182.19/22223,193.240.145.129/53992;esp,reth30.1,Pkts:,0,Bytes:,0
In:,34.251.221.138/37196,193.240.145.129/34484;esp,reth30.1,Pkts:,0,Bytes:,0
In:,54.76.209.248/34992,193.240.145.129/41558;esp,reth30.1,Pkts:,0,Bytes:,0
In:,52.30.36.19/4500,193.240.145.129/4500;udp,reth30.1,Pkts:,0,Bytes:,0
In:,193.240.145.129/500,52.212.128.108/500;udp,.local..4,Pkts:,8271,Bytes:,2365536
Out:,52.212.128.108/500,193.240.145.129/500;udp,reth30.1,Pkts:,20676,Bytes:,4101976
In:,77.72.83.13/46487,193.240.145.158/3505;tcp,reth30.1,Pkts:,1,Bytes:,40
Out:,193.240.145.158/3505,77.72.83.13/46487;tcp,reth30.0,Pkts:,0,Bytes:,0
In:,79.173.83.55/44549,193.240.145.142/512;icmp,reth30.1,Pkts:,1,Bytes:,28
Out:,193.240.145.142/512,79.173.83.55/44549;icmp,reth30.0,Pkts:,0,Bytes:,0
In:,212.61.24.35/13979,193.240.145.129/42445;esp,reth30.1,Pkts:,0,Bytes:,0
In:,52.209.135.136/4500,193.240.145.129/4500;udp,reth30.1,Pkts:,0,Bytes:,0
In:,52.212.128.108/4500,193.240.145.129/4500;udp,reth30.1,Pkts:,0,Bytes:,0
In:,37.58.24.172/500,193.240.145.129/500;udp,reth30.1,Pkts:,1978,Bytes:,561752
Out:,193.240.145.129/500,37.58.24.172/500;udp,.local..4,Pkts:,1965,Bytes:,255450
In:,212.61.24.35/52644,193.240.145.129/475;esp,reth30.1,Pkts:,0,Bytes:,0
In:,52.30.11.229/4500,193.240.145.129/4500;udp,reth30.1,Pkts:,0,Bytes:,0
In:,52.212.23.168/4500,193.240.145.129/4500;udp,reth30.1,Pkts:,0,Bytes:,0
In:,52.49.92.75/4500,193.240.145.129/4500;udp,reth30.1,Pkts:,0,Bytes:,0
In:,193.240.145.131/500,82.141.192.102/500;udp,.local..4,Pkts:,3723,Bytes:,1176468
Out:,82.141.192.102/500,193.240.145.131/500;udp,reth30.1,Pkts:,0,Bytes:,0
In:,54.76.209.248/4500,193.240.145.129/4500;udp,reth30.1,Pkts:,0,Bytes:,0
In:,194.145.154.83/0,193.240.145.129/0;ah,reth30.1,Pkts:,0,Bytes:,0
In:,188.166.117.99/54724,193.240.145.140/2375;tcp,reth30.1,Pkts:,1,Bytes:,40
Out:,193.240.145.140/2375,188.166.117.99/54724;tcp,reth30.0,Pkts:,0,Bytes:,0
In:,196.52.43.56/6666,193.240.145.159/5900;tcp,reth30.1,Pkts:,1,Bytes:,40
Out:,193.240.145.159/5900,196.52.43.56/6666;tcp,reth30.0,Pkts:,0,Bytes:,0
In:,52.212.119.21/4500,193.240.145.129/4500;udp,reth30.1,Pkts:,0,Bytes:,0
In:,212.61.24.35/56282,193.240.145.129/47743;esp,reth30.1,Pkts:,0,Bytes:,0
In:,139.162.71.210/34102,193.240.145.145/8090;tcp,reth30.1,Pkts:,1,Bytes:,40
Out:,193.240.145.145/8090,139.162.71.210/34102;tcp,reth30.0,Pkts:,0,Bytes:,0
In:,52.209.91.168/4500,193.240.145.129/4500;udp,reth30.1,Pkts:,0,Bytes:,0
In:,212.61.24.35/21640,193.240.145.129/57296;esp,reth30.1,Pkts:,0,Bytes:,0
In:,52.30.220.219/4500,193.240.145.129/4500;udp,reth30.1,Pkts:,0,Bytes:,0
In:,212.61.24.35/52644,193.240.145.129/475;esp,reth30.1,Pkts:,0,Bytes:,0
In:,34.251.221.138/4500,193.240.145.129/4500;udp,reth30.1,Pkts:,0,Bytes:,0
In:,52.30.220.219/4500,193.240.145.129/4500;udp,reth30.1,Pkts:,0,Bytes:,0
In:,49.248.91.42/28010,193.240.145.129/51657;esp,reth30.1,Pkts:,0,Bytes:,0
In:,41.164.143.68/7384,193.240.145.129/64112;esp,reth30.1,Pkts:,0,Bytes:,0
In:,210.177.15.221/33571,193.240.145.129/58408;esp,reth30.1,Pkts:,0,Bytes:,0
In:,209.64.5.154/1691,193.240.145.129/9801;esp,reth30.1,Pkts:,0,Bytes:,0
In:,80.227.150.194/53967,193.240.145.129/36453;esp,reth30.1,Pkts:,0,Bytes:,0
In:,82.141.192.101/37363,193.240.145.129/11550;esp,reth30.1,Pkts:,0,Bytes:,0
In:,82.141.192.101/0,193.240.145.129/0;esp,reth30.1,Pkts:,0,Bytes:,0
In:,52.30.36.19/39203,193.240.145.129/57859;esp,reth30.1,Pkts:,0,Bytes:,0
In:,52.209.91.168/37860,193.240.145.129/45527;esp,reth30.1,Pkts:,0,Bytes:,0
In:,52.30.220.219/53805,193.240.145.129/7666;esp,reth30.1,Pkts:,0,Bytes:,0
In:,52.17.122.120/10863,193.240.145.129/65516;esp,reth30.1,Pkts:,0,Bytes:,0
In:,52.209.135.136/3043,193.240.145.129/54911;esp,reth30.1,Pkts:,0,Bytes:,0
In:,82.141.192.102/34321,193.240.145.131/9352;esp,reth30.1,Pkts:,0,Bytes:,0
In:,82.141.192.102/0,193.240.145.131/0;esp,reth30.1,Pkts:,0,Bytes:,0
In:,193.240.183.90/17076,193.240.145.129/51440;esp,reth30.1,Pkts:,0,Bytes:,0
In:,193.240.183.90/0,193.240.145.129/0;esp,reth30.1,Pkts:,0,Bytes:,0
In:,52.50.58.59/54493,193.240.145.129/30908;esp,reth30.1,Pkts:,0,Bytes:,0
In:,52.50.206.47/11468,193.240.145.129/2214;esp,reth30.1,Pkts:,0,Bytes:,0
In:,52.30.11.229/58881,193.240.145.129/44336;esp,reth30.1,Pkts:,0,Bytes:,0
In:,52.211.51.195/10885,193.240.145.129/39408;esp,reth30.1,Pkts:,0,Bytes:,0
In:,52.50.18.253/28733,193.240.145.129/20003;esp,reth30.1,Pkts:,0,Bytes:,0
In:,146.101.64.141/5419,193.240.145.129/1998;esp,reth30.1,Pkts:,0,Bytes:,0
In:,197.96.151.221/32964,193.240.145.129/40754;esp,reth30.1,Pkts:,0,Bytes:,0
In:,89.197.20.113/6257,193.240.145.129/5686;esp,reth30.1,Pkts:,0,Bytes:,0
In:,89.197.20.113/0,193.240.145.129/0;esp,reth30.1,Pkts:,0,Bytes:,0
In:,146.101.64.140/37939,193.240.145.129/28295;esp,reth30.1,Pkts:,0,Bytes:,0
In:,52.212.119.21/14573,193.240.145.129/4830;esp,reth30.1,Pkts:,0,Bytes:,0
In:,52.212.119.21/0,193.240.145.129/0;esp,reth30.1,Pkts:,0,Bytes:,0
In:,52.212.128.108/50966,193.240.145.129/11329;esp,reth30.1,Pkts:,0,Bytes:,0
In:,52.212.128.108/0,193.240.145.129/0;esp,reth30.1,Pkts:,0,Bytes:,0
In:,52.49.92.75/50570,193.240.145.129/18346;esp,reth30.1,Pkts:,0,Bytes:,0
In:,41.164.143.69/19857,193.240.145.131/3562;esp,reth30.1,Pkts:,0,Bytes:,0
In:,80.227.152.85/48846,193.240.145.131/45386;esp,reth30.1,Pkts:,0,Bytes:,0
In:,52.212.23.168/19653,193.240.145.129/20443;esp,reth30.1,Pkts:,0,Bytes:,0
In:,52.16.252.154/18074,193.240.145.129/64947;esp,reth30.1,Pkts:,0,Bytes:,0
In:,52.209.182.19/22223,193.240.145.129/53992;esp,reth30.1,Pkts:,0,Bytes:,0
In:,34.251.221.138/37196,193.240.145.129/34484;esp,reth30.1,Pkts:,0,Bytes:,0
In:,54.76.209.248/34992,193.240.145.129/41558;esp,reth30.1,Pkts:,0,Bytes:,0
In:,5.101.40.47/46199,193.240.145.158/33007;tcp,reth30.1,Pkts:,0,Bytes:,0
Out:,193.240.145.158/33007,5.101.40.47/46199;tcp,reth30.0,Pkts:,0,Bytes:,0
In:,82.141.192.102/4500,193.240.145.131/4500;udp,reth30.1,Pkts:,0,Bytes:,0
In:,193.240.145.129/500,193.240.183.90/500;udp,.local..4,Pkts:,0,Bytes:,0
Out:,193.240.183.90/500,193.240.145.129/500;udp,reth30.1,Pkts:,0,Bytes:,0
In:,52.209.135.136/4500,193.240.145.129/4500;udp,reth30.1,Pkts:,0,Bytes:,0
In:,52.212.128.108/4500,193.240.145.129/4500;udp,reth30.1,Pkts:,0,Bytes:,0
In:,52.30.11.229/4500,193.240.145.129/4500;udp,reth30.1,Pkts:,0,Bytes:,0
In:,196.52.43.56/6666,193.240.145.159/5900;tcp,reth30.1,Pkts:,0,Bytes:,0
Out:,193.240.145.159/5900,196.52.43.56/6666;tcp,reth30.0,Pkts:,0,Bytes:,0
In:,54.76.209.248/4500,193.240.145.129/4500;udp,reth30.1,Pkts:,0,Bytes:,0
In:,77.72.83.13/46487,193.240.145.136/3505;tcp,reth30.1,Pkts:,0,Bytes:,0
Out:,193.240.145.136/3505,77.72.83.13/46487;tcp,reth30.0,Pkts:,0,Bytes:,0
In:,52.50.206.47/4500,193.240.145.129/4500;udp,reth30.1,Pkts:,0,Bytes:,0
In:,74.82.47.5/6854,193.240.145.142/17;udp,reth30.1,Pkts:,0,Bytes:,0
Out:,193.240.145.142/17,74.82.47.5/6854;udp,reth30.0,Pkts:,0,Bytes:,0
In:,139.162.71.210/34102,193.240.145.145/8090;tcp,reth30.1,Pkts:,0,Bytes:,0
Out:,193.240.145.145/8090,139.162.71.210/34102;tcp,reth30.0,Pkts:,0,Bytes:,0
In:,196.41.12.188/16842,193.240.145.139/25;tcp,reth30.1,Pkts:,0,Bytes:,0
Out:,193.240.145.139/25,196.41.12.188/16842;tcp,reth30.0,Pkts:,0,Bytes:,0
In:,52.50.18.253/4500,193.240.145.129/4500;udp,reth30.1,Pkts:,0,Bytes:,0
In:,64.214.106.54/51611,64.214.106.53/179;tcp,.local..4,Pkts:,0,Bytes:,0
Out:,64.214.106.53/179,64.214.106.54/51611;tcp,reth30.1,Pkts:,0,Bytes:,0
In:,52.211.51.195/4500,193.240.145.129/4500;udp,reth30.1,Pkts:,0,Bytes:,0
In:,52.212.23.168/4500,193.240.145.129/4500;udp,reth30.1,Pkts:,0,Bytes:,0
In:,193.240.145.129/500,52.212.128.108/500;udp,.local..4,Pkts:,0,Bytes:,0
Out:,52.212.128.108/500,193.240.145.129/500;udp,reth30.1,Pkts:,0,Bytes:,0
In:,52.16.252.154/4500,193.240.145.129/4500;udp,reth30.1,Pkts:,0,Bytes:,0
In:,37.58.24.172/500,193.240.145.129/500;udp,reth30.1,Pkts:,0,Bytes:,0
Out:,193.240.145.129/500,37.58.24.172/500;udp,.local..4,Pkts:,0,Bytes:,0
In:,193.240.145.129/500,82.141.192.101/500;udp,.local..4,Pkts:,0,Bytes:,0
Out:,82.141.192.101/500,193.240.145.129/500;udp,reth30.1,Pkts:,0,Bytes:,0
In:,77.72.83.13/46487,193.240.145.158/3505;tcp,reth30.1,Pkts:,0,Bytes:,0
Out:,193.240.145.158/3505,77.72.83.13/46487;tcp,reth30.0,Pkts:,0,Bytes:,0
In:,45.32.106.220/33761,193.240.145.128/123;udp,reth30.1,Pkts:,0,Bytes:,0
Out:,193.240.145.128/123,45.32.106.220/33761;udp,reth30.0,Pkts:,0,Bytes:,0
In:,52.209.182.19/4500,193.240.145.129/4500;udp,reth30.1,Pkts:,0,Bytes:,0
In:,212.61.24.35/21640,193.240.145.129/57296;esp,reth30.1,Pkts:,0,Bytes:,0
In:,52.49.92.75/4500,193.240.145.129/4500;udp,reth30.1,Pkts:,0,Bytes:,0
In:,52.17.122.120/4500,193.240.145.129/4500;udp,reth30.1,Pkts:,0,Bytes:,0
In:,188.166.117.99/54724,193.240.145.140/2375;tcp,reth30.1,Pkts:,0,Bytes:,0
Out:,193.240.145.140/2375,188.166.117.99/54724;tcp,reth30.0,Pkts:,0,Bytes:,0
In:,212.61.24.35/13979,193.240.145.129/42445;esp,reth30.1,Pkts:,0,Bytes:,0
In:,212.61.24.35/56282,193.240.145.129/47743;esp,reth30.1,Pkts:,0,Bytes:,0
In:,52.50.58.59/4500,193.240.145.129/4500;udp,reth30.1,Pkts:,0,Bytes:,0
In:,52.30.36.19/4500,193.240.145.129/4500;udp,reth30.1,Pkts:,0,Bytes:,0
In:,52.209.91.168/4500,193.240.145.129/4500;udp,reth30.1,Pkts:,0,Bytes:,0
In:,193.240.145.129/500,52.17.122.120/500;udp,.local..4,Pkts:,0,Bytes:,0
Out:,52.17.122.120/500,193.240.145.129/500;udp,reth30.1,Pkts:,0,Bytes:,0
In:,193.240.145.129/500,52.209.135.136/500;udp,.local..4,Pkts:,0,Bytes:,0
Out:,52.209.135.136/500,193.240.145.129/500;udp,reth30.1,Pkts:,0,Bytes:,0
In:,193.240.145.131/500,82.141.192.102/500;udp,.local..4,Pkts:,0,Bytes:,0
Out:,82.141.192.102/500,193.240.145.131/500;udp,reth30.1,Pkts:,0,Bytes:,0
In:,193.240.145.129/500,89.197.20.113/500;udp,.local..4,Pkts:,0,Bytes:,0
Out:,89.197.20.113/500,193.240.145.129/500;udp,reth30.1,Pkts:,0,Bytes:,0
In:,194.145.154.83/0,193.240.145.129/0;esp,reth30.1,Pkts:,0,Bytes:,0
In:,193.240.145.129/500,52.208.239.154/500;udp,.local..4,Pkts:,0,Bytes:,0
Out:,52.208.239.154/500,193.240.145.129/500;udp,reth30.1,Pkts:,0,Bytes:,0
In:,113.254.80.227/61673,193.240.145.143/2323;tcp,reth30.1,Pkts:,0,Bytes:,0
Out:,193.240.145.143/2323,113.254.80.227/61673;tcp,reth30.0,Pkts:,0,Bytes:,0
In:,52.212.119.21/4500,193.240.145.129/4500;udp,reth30.1,Pkts:,0,Bytes:,0
In:,64.39.103.237/500,193.240.145.129/500;udp,reth30.1,Pkts:,0,Bytes:,0
Out:,193.240.145.129/500,64.39.103.237/500;udp,.local..4,Pkts:,0,Bytes:,0
In:,82.141.192.101/4500,193.240.145.129/4500;udp,reth30.1,Pkts:,0,Bytes:,0
In:,194.145.154.83/0,193.240.145.129/0;ah,reth30.1,Pkts:,0,Bytes:,0
In:,194.145.154.83/0,193.240.145.129/0;esp,reth30.1,Pkts:,0,Bytes:,0
In:,52.50.18.253/4500,193.240.145.129/4500;udp,reth30.1,Pkts:,0,Bytes:,0
In:,52.211.51.195/4500,193.240.145.129/4500;udp,reth30.1,Pkts:,0,Bytes:,0
In:,52.50.206.47/4500,193.240.145.129/4500;udp,reth30.1,Pkts:,0,Bytes:,0
In:,64.214.106.54/51611,64.214.106.53/179;tcp,.local..4,Pkts:,5456,Bytes:,270412
Out:,64.214.106.53/179,64.214.106.54/51611;tcp,reth30.1,Pkts:,5447,Bytes:,269802
In:,193.240.145.129/500,52.17.122.120/500;udp,.local..4,Pkts:,6480,Bytes:,2047680
Out:,52.17.122.120/500,193.240.145.129/500;udp,reth30.1,Pkts:,0,Bytes:,0
In:,52.50.18.253/28733,193.240.145.129/20003;esp,reth30.1,Pkts:,0,Bytes:,0
In:,193.240.145.129/500,52.208.239.154/500;udp,.local..4,Pkts:,6656,Bytes:,2103296
Out:,52.208.239.154/500,193.240.145.129/500;udp,reth30.1,Pkts:,0,Bytes:,0
In:,77.72.82.135/46142,193.240.145.150/3996;tcp,reth30.1,Pkts:,1,Bytes:,40
Out:,193.240.145.150/3996,77.72.82.135/46142;tcp,reth30.0,Pkts:,0,Bytes:,0
In:,82.141.192.101/4500,193.240.145.129/4500;udp,reth30.1,Pkts:,0,Bytes:,0
In:,106.75.18.148/48597,193.240.145.130/8118;tcp,reth30.1,Pkts:,1,Bytes:,40
Out:,193.240.145.130/8118,106.75.18.148/48597;tcp,reth30.0,Pkts:,0,Bytes:,0
In:,64.39.103.237/500,193.240.145.129/500;udp,reth30.1,Pkts:,2,Bytes:,691
Out:,193.240.145.129/500,64.39.103.237/500;udp,.local..4,Pkts:,1,Bytes:,130
In:,125.38.154.153/30135,193.240.145.134/8080;tcp,reth30.1,Pkts:,1,Bytes:,40
Out:,193.240.145.134/8080,125.38.154.153/30135;tcp,reth30.0,Pkts:,0,Bytes:,0
In:,193.240.145.129/500,82.141.192.101/500;udp,.local..4,Pkts:,3726,Bytes:,1177416
Out:,82.141.192.101/500,193.240.145.129/500;udp,reth30.1,Pkts:,0,Bytes:,0
In:,210.177.15.221/500,193.240.145.129/500;udp,reth30.1,Pkts:,3,Bytes:,520
Out:,193.240.145.129/500,210.177.15.221/500;udp,.local..4,Pkts:,1,Bytes:,376
In:,52.17.122.120/4500,193.240.145.129/4500;udp,reth30.1,Pkts:,0,Bytes:,0
In:,82.141.192.102/4500,193.240.145.131/4500;udp,reth30.1,Pkts:,0,Bytes:,0
In:,193.240.145.129/500,193.240.183.90/500;udp,.local..4,Pkts:,3723,Bytes:,1176468
Out:,193.240.183.90/500,193.240.145.129/500;udp,reth30.1,Pkts:,0,Bytes:,0
In:,193.240.145.129/500,52.209.135.136/500;udp,.local..4,Pkts:,6525,Bytes:,2061900
Out:,52.209.135.136/500,193.240.145.129/500;udp,reth30.1,Pkts:,0,Bytes:,0
In:,193.240.145.129/500,89.197.20.113/500;udp,.local..4,Pkts:,3723,Bytes:,1176468
Out:,89.197.20.113/500,193.240.145.129/500;udp,reth30.1,Pkts:,0,Bytes:,0
In:,49.248.91.42/28010,193.240.145.129/51657;esp,reth30.1,Pkts:,0,Bytes:,0
In:,41.164.143.68/7384,193.240.145.129/64112;esp,reth30.1,Pkts:,0,Bytes:,0
In:,210.177.15.221/12363,193.240.145.129/55174;esp,reth30.1,Pkts:,0,Bytes:,0
In:,209.64.5.154/1691,193.240.145.129/9801;esp,reth30.1,Pkts:,0,Bytes:,0
In:,80.227.150.194/53967,193.240.145.129/36453;esp,reth30.1,Pkts:,0,Bytes:,0
In:,82.141.192.101/37363,193.240.145.129/11550;esp,reth30.1,Pkts:,0,Bytes:,0
In:,82.141.192.101/0,193.240.145.129/0;esp,reth30.1,Pkts:,0,Bytes:,0
In:,52.30.36.19/39203,193.240.145.129/57859;esp,reth30.1,Pkts:,0,Bytes:,0
In:,52.209.91.168/37860,193.240.145.129/45527;esp,reth30.1,Pkts:,0,Bytes:,0
In:,52.30.220.219/20267,193.240.145.129/22270;esp,reth30.1,Pkts:,0,Bytes:,0
In:,52.17.122.120/10863,193.240.145.129/65516;esp,reth30.1,Pkts:,0,Bytes:,0
In:,52.209.135.136/3043,193.240.145.129/54911;esp,reth30.1,Pkts:,0,Bytes:,0
In:,82.141.192.102/34321,193.240.145.131/9352;esp,reth30.1,Pkts:,0,Bytes:,0
In:,82.141.192.102/0,193.240.145.131/0;esp,reth30.1,Pkts:,0,Bytes:,0
In:,193.240.183.90/17076,193.240.145.129/51440;esp,reth30.1,Pkts:,0,Bytes:,0
In:,193.240.183.90/0,193.240.145.129/0;esp,reth30.1,Pkts:,0,Bytes:,0
In:,52.50.58.59/53183,193.240.145.129/9412;esp,reth30.1,Pkts:,0,Bytes:,0
In:,52.50.206.47/28138,193.240.145.129/41875;esp,reth30.1,Pkts:,0,Bytes:,0
In:,52.30.11.229/58881,193.240.145.129/44336;esp,reth30.1,Pkts:,0,Bytes:,0
In:,52.211.51.195/10885,193.240.145.129/39408;esp,reth30.1,Pkts:,0,Bytes:,0
In:,52.50.18.253/43459,193.240.145.129/45675;esp,reth30.1,Pkts:,0,Bytes:,0
In:,146.101.64.141/5419,193.240.145.129/1998;esp,reth30.1,Pkts:,0,Bytes:,0
In:,197.96.151.221/32964,193.240.145.129/40754;esp,reth30.1,Pkts:,0,Bytes:,0
In:,89.197.20.113/6257,193.240.145.129/5686;esp,reth30.1,Pkts:,0,Bytes:,0
In:,89.197.20.113/0,193.240.145.129/0;esp,reth30.1,Pkts:,0,Bytes:,0
In:,146.101.64.140/37939,193.240.145.129/28295;esp,reth30.1,Pkts:,0,Bytes:,0
In:,52.212.119.21/14573,193.240.145.129/4830;esp,reth30.1,Pkts:,0,Bytes:,0
In:,52.212.119.21/0,193.240.145.129/0;esp,reth30.1,Pkts:,0,Bytes:,0
In:,52.212.128.108/50966,193.240.145.129/11329;esp,reth30.1,Pkts:,0,Bytes:,0
In:,52.212.128.108/0,193.240.145.129/0;esp,reth30.1,Pkts:,0,Bytes:,0
In:,52.49.92.75/50570,193.240.145.129/18346;esp,reth30.1,Pkts:,0,Bytes:,0
In:,41.164.143.69/19857,193.240.145.131/3562;esp,reth30.1,Pkts:,0,Bytes:,0
In:,80.227.152.85/48846,193.240.145.131/45386;esp,reth30.1,Pkts:,0,Bytes:,0
In:,52.212.23.168/19653,193.240.145.129/20443;esp,reth30.1,Pkts:,0,Bytes:,0
In:,52.16.252.154/32010,193.240.145.129/19016;esp,reth30.1,Pkts:,0,Bytes:,0
In:,52.209.182.19/9697,193.240.145.129/34628;esp,reth30.1,Pkts:,0,Bytes:,0
In:,34.251.221.138/2385,193.240.145.129/47489;esp,reth30.1,Pkts:,0,Bytes:,0
In:,54.76.209.248/46361,193.240.145.129/21693;esp,reth30.1,Pkts:,0,Bytes:,0
In:,52.30.36.19/4500,193.240.145.129/4500;udp,reth30.1,Pkts:,0,Bytes:,0
In:,193.240.145.129/500,52.212.128.108/500;udp,.local..4,Pkts:,8278,Bytes:,2367508
Out:,52.212.128.108/500,193.240.145.129/500;udp,reth30.1,Pkts:,20693,Bytes:,4105276
In:,139.162.125.159/39217,193.240.145.156/443;tcp,reth30.1,Pkts:,1,Bytes:,40
Out:,193.240.145.156/443,139.162.125.159/39217;tcp,reth30.0,Pkts:,0,Bytes:,0
In:,212.61.24.35/13979,193.240.145.129/42445;esp,reth30.1,Pkts:,0,Bytes:,0
In:,52.209.135.136/4500,193.240.145.129/4500;udp,reth30.1,Pkts:,0,Bytes:,0
In:,52.212.128.108/4500,193.240.145.129/4500;udp,reth30.1,Pkts:,0,Bytes:,0
In:,201.103.60.164/52285,193.240.145.140/23;tcp,reth30.1,Pkts:,1,Bytes:,44
Out:,193.240.145.140/23,201.103.60.164/52285;tcp,reth30.0,Pkts:,0,Bytes:,0
In:,107.170.228.51/51339,193.240.145.145/139;tcp,reth30.1,Pkts:,1,Bytes:,40
Out:,193.240.145.145/139,107.170.228.51/51339;tcp,reth30.0,Pkts:,0,Bytes:,0
In:,37.58.24.172/500,193.240.145.129/500;udp,reth30.1,Pkts:,1980,Bytes:,562320
Out:,193.240.145.129/500,37.58.24.172/500;udp,.local..4,Pkts:,1967,Bytes:,255710
In:,212.61.24.35/52644,193.240.145.129/475;esp,reth30.1,Pkts:,0,Bytes:,0
In:,34.251.221.138/4500,193.240.145.129/4500;udp,reth30.1,Pkts:,0,Bytes:,0
In:,52.30.11.229/4500,193.240.145.129/4500;udp,reth30.1,Pkts:,0,Bytes:,0
In:,52.212.23.168/4500,193.240.145.129/4500;udp,reth30.1,Pkts:,0,Bytes:,0
In:,52.209.182.19/4500,193.240.145.129/4500;udp,reth30.1,Pkts:,0,Bytes:,0
In:,52.49.92.75/4500,193.240.145.129/4500;udp,reth30.1,Pkts:,0,Bytes:,0
In:,193.240.145.131/500,82.141.192.102/500;udp,.local..4,Pkts:,3726,Bytes:,1177416
Out:,82.141.192.102/500,193.240.145.131/500;udp,reth30.1,Pkts:,0,Bytes:,0
In:,52.50.58.59/4500,193.240.145.129/4500;udp,reth30.1,Pkts:,0,Bytes:,0
In:,194.145.154.83/0,193.240.145.129/0;ah,reth30.1,Pkts:,0,Bytes:,0
In:,54.76.209.248/4500,193.240.145.129/4500;udp,reth30.1,Pkts:,0,Bytes:,0
In:,52.212.119.21/4500,193.240.145.129/4500;udp,reth30.1,Pkts:,0,Bytes:,0
In:,91.210.104.217/40685,193.240.145.159/4449;tcp,reth30.1,Pkts:,1,Bytes:,40
Out:,193.240.145.159/4449,91.210.104.217/40685;tcp,reth30.0,Pkts:,0,Bytes:,0
In:,52.30.220.219/4500,193.240.145.129/4500;udp,reth30.1,Pkts:,0,Bytes:,0
In:,52.16.252.154/4500,193.240.145.129/4500;udp,reth30.1,Pkts:,0,Bytes:,0
In:,52.16.252.154/18074,193.240.145.129/64947;esp,reth30.1,Pkts:,0,Bytes:,0
In:,5.101.40.47/46199,193.240.145.137/33007;tcp,reth30.1,Pkts:,1,Bytes:,40
Out:,193.240.145.137/33007,5.101.40.47/46199;tcp,reth30.0,Pkts:,0,Bytes:,0
In:,212.61.24.35/56282,193.240.145.129/47743;esp,reth30.1,Pkts:,0,Bytes:,0
In:,52.209.91.168/4500,193.240.145.129/4500;udp,reth30.1,Pkts:,0,Bytes:,0
In:,103.207.46.246/9792,193.240.145.128/2323;tcp,reth30.1,Pkts:,1,Bytes:,44
Out:,193.240.145.128/2323,103.207.46.246/9792;tcp,reth30.0,Pkts:,0,Bytes:,0
In:,212.61.24.35/21640,193.240.145.129/57296;esp,reth30.1,Pkts:,0,Bytes:,0
In:,212.61.24.35/52644,193.240.145.129/475;esp,reth30.1,Pkts:,0,Bytes:,0
In:,64.39.103.237/500,193.240.145.129/500;udp,reth30.1,Pkts:,0,Bytes:,0
Out:,193.240.145.129/500,64.39.103.237/500;udp,.local..4,Pkts:,0,Bytes:,0
In:,52.16.252.154/4500,193.240.145.129/4500;udp,reth30.1,Pkts:,0,Bytes:,0
In:,49.248.91.42/28010,193.240.145.129/51657;esp,reth30.1,Pkts:,0,Bytes:,0
In:,41.164.143.68/7384,193.240.145.129/64112;esp,reth30.1,Pkts:,0,Bytes:,0
In:,210.177.15.221/12363,193.240.145.129/55174;esp,reth30.1,Pkts:,0,Bytes:,0
In:,209.64.5.154/1691,193.240.145.129/9801;esp,reth30.1,Pkts:,0,Bytes:,0
In:,80.227.150.194/53967,193.240.145.129/36453;esp,reth30.1,Pkts:,0,Bytes:,0
In:,82.141.192.101/37363,193.240.145.129/11550;esp,reth30.1,Pkts:,0,Bytes:,0
In:,82.141.192.101/0,193.240.145.129/0;esp,reth30.1,Pkts:,0,Bytes:,0
In:,52.30.36.19/39203,193.240.145.129/57859;esp,reth30.1,Pkts:,0,Bytes:,0
In:,52.209.91.168/37860,193.240.145.129/45527;esp,reth30.1,Pkts:,0,Bytes:,0
In:,52.30.220.219/20267,193.240.145.129/22270;esp,reth30.1,Pkts:,0,Bytes:,0
In:,52.17.122.120/10863,193.240.145.129/65516;esp,reth30.1,Pkts:,0,Bytes:,0
In:,52.209.135.136/3043,193.240.145.129/54911;esp,reth30.1,Pkts:,0,Bytes:,0
In:,82.141.192.102/34321,193.240.145.131/9352;esp,reth30.1,Pkts:,0,Bytes:,0
In:,82.141.192.102/0,193.240.145.131/0;esp,reth30.1,Pkts:,0,Bytes:,0
In:,193.240.183.90/17076,193.240.145.129/51440;esp,reth30.1,Pkts:,0,Bytes:,0
In:,193.240.183.90/0,193.240.145.129/0;esp,reth30.1,Pkts:,0,Bytes:,0
In:,52.50.58.59/53183,193.240.145.129/9412;esp,reth30.1,Pkts:,0,Bytes:,0
In:,52.50.206.47/28138,193.240.145.129/41875;esp,reth30.1,Pkts:,0,Bytes:,0
In:,52.30.11.229/58881,193.240.145.129/44336;esp,reth30.1,Pkts:,0,Bytes:,0
In:,52.211.51.195/10885,193.240.145.129/39408;esp,reth30.1,Pkts:,0,Bytes:,0
In:,52.50.18.253/43459,193.240.145.129/45675;esp,reth30.1,Pkts:,0,Bytes:,0
In:,146.101.64.141/5419,193.240.145.129/1998;esp,reth30.1,Pkts:,0,Bytes:,0
In:,197.96.151.221/32964,193.240.145.129/40754;esp,reth30.1,Pkts:,0,Bytes:,0
In:,89.197.20.113/6257,193.240.145.129/5686;esp,reth30.1,Pkts:,0,Bytes:,0
In:,89.197.20.113/0,193.240.145.129/0;esp,reth30.1,Pkts:,0,Bytes:,0
In:,146.101.64.140/37939,193.240.145.129/28295;esp,reth30.1,Pkts:,0,Bytes:,0
In:,52.212.119.21/14573,193.240.145.129/4830;esp,reth30.1,Pkts:,0,Bytes:,0
In:,52.212.119.21/0,193.240.145.129/0;esp,reth30.1,Pkts:,0,Bytes:,0
In:,52.212.128.108/50966,193.240.145.129/11329;esp,reth30.1,Pkts:,0,Bytes:,0
In:,52.212.128.108/0,193.240.145.129/0;esp,reth30.1,Pkts:,0,Bytes:,0
In:,52.49.92.75/50570,193.240.145.129/18346;esp,reth30.1,Pkts:,0,Bytes:,0
In:,41.164.143.69/19857,193.240.145.131/3562;esp,reth30.1,Pkts:,0,Bytes:,0
In:,80.227.152.85/48846,193.240.145.131/45386;esp,reth30.1,Pkts:,0,Bytes:,0
In:,52.212.23.168/1738,193.240.145.129/19084;esp,reth30.1,Pkts:,0,Bytes:,0
In:,52.16.252.154/32010,193.240.145.129/19016;esp,reth30.1,Pkts:,0,Bytes:,0
In:,52.209.182.19/9697,193.240.145.129/34628;esp,reth30.1,Pkts:,0,Bytes:,0
In:,34.251.221.138/2385,193.240.145.129/47489;esp,reth30.1,Pkts:,0,Bytes:,0
In:,54.76.209.248/46361,193.240.145.129/21693;esp,reth30.1,Pkts:,0,Bytes:,0
In:,82.141.192.102/4500,193.240.145.131/4500;udp,reth30.1,Pkts:,0,Bytes:,0
In:,193.240.145.129/500,193.240.183.90/500;udp,.local..4,Pkts:,0,Bytes:,0
Out:,193.240.183.90/500,193.240.145.129/500;udp,reth30.1,Pkts:,0,Bytes:,0
In:,52.209.135.136/4500,193.240.145.129/4500;udp,reth30.1,Pkts:,0,Bytes:,0
In:,52.212.128.108/4500,193.240.145.129/4500;udp,reth30.1,Pkts:,0,Bytes:,0
In:,52.30.220.219/4500,193.240.145.129/4500;udp,reth30.1,Pkts:,0,Bytes:,0
In:,210.177.15.221/500,193.240.145.129/500;udp,reth30.1,Pkts:,0,Bytes:,0
Out:,193.240.145.129/500,210.177.15.221/500;udp,.local..4,Pkts:,0,Bytes:,0
In:,52.30.11.229/4500,193.240.145.129/4500;udp,reth30.1,Pkts:,0,Bytes:,0
In:,34.251.221.138/4500,193.240.145.129/4500;udp,reth30.1,Pkts:,0,Bytes:,0
In:,91.210.104.217/40685,193.240.145.159/4449;tcp,reth30.1,Pkts:,0,Bytes:,0
Out:,193.240.145.159/4449,91.210.104.217/40685;tcp,reth30.0,Pkts:,0,Bytes:,0
In:,52.50.206.47/4500,193.240.145.129/4500;udp,reth30.1,Pkts:,0,Bytes:,0
In:,52.209.182.19/4500,193.240.145.129/4500;udp,reth30.1,Pkts:,0,Bytes:,0
In:,52.50.18.253/4500,193.240.145.129/4500;udp,reth30.1,Pkts:,0,Bytes:,0
In:,106.75.18.148/48597,193.240.145.130/8118;tcp,reth30.1,Pkts:,0,Bytes:,0
Out:,193.240.145.130/8118,106.75.18.148/48597;tcp,reth30.0,Pkts:,0,Bytes:,0
In:,64.214.106.54/51611,64.214.106.53/179;tcp,.local..4,Pkts:,0,Bytes:,0
Out:,64.214.106.53/179,64.214.106.54/51611;tcp,reth30.1,Pkts:,0,Bytes:,0
In:,125.38.154.153/30135,193.240.145.134/8080;tcp,reth30.1,Pkts:,0,Bytes:,0
Out:,193.240.145.134/8080,125.38.154.153/30135;tcp,reth30.0,Pkts:,0,Bytes:,0
In:,52.211.51.195/4500,193.240.145.129/4500;udp,reth30.1,Pkts:,0,Bytes:,0
In:,193.240.145.129/500,52.212.128.108/500;udp,.local..4,Pkts:,0,Bytes:,0
Out:,52.212.128.108/500,193.240.145.129/500;udp,reth30.1,Pkts:,0,Bytes:,0
In:,77.72.82.135/46142,193.240.145.150/3996;tcp,reth30.1,Pkts:,0,Bytes:,0
Out:,193.240.145.150/3996,77.72.82.135/46142;tcp,reth30.0,Pkts:,0,Bytes:,0
In:,37.58.24.172/500,193.240.145.129/500;udp,reth30.1,Pkts:,0,Bytes:,0
Out:,193.240.145.129/500,37.58.24.172/500;udp,.local..4,Pkts:,0,Bytes:,0
In:,193.240.145.129/500,82.141.192.101/500;udp,.local..4,Pkts:,0,Bytes:,0
Out:,82.141.192.101/500,193.240.145.129/500;udp,reth30.1,Pkts:,0,Bytes:,0
In:,103.207.46.246/9792,193.240.145.128/2323;tcp,reth30.1,Pkts:,0,Bytes:,0
Out:,193.240.145.128/2323,103.207.46.246/9792;tcp,reth30.0,Pkts:,0,Bytes:,0
In:,139.162.125.159/39217,193.240.145.156/443;tcp,reth30.1,Pkts:,0,Bytes:,0
Out:,193.240.145.156/443,139.162.125.159/39217;tcp,reth30.0,Pkts:,0,Bytes:,0
In:,52.212.23.168/19653,193.240.145.129/20443;esp,reth30.1,Pkts:,0,Bytes:,0
In:,212.61.24.35/21640,193.240.145.129/57296;esp,reth30.1,Pkts:,0,Bytes:,0
In:,52.50.58.59/4500,193.240.145.129/4500;udp,reth30.1,Pkts:,0,Bytes:,0
In:,201.103.60.164/52285,193.240.145.140/23;tcp,reth30.1,Pkts:,0,Bytes:,0
Out:,193.240.145.140/23,201.103.60.164/52285;tcp,reth30.0,Pkts:,0,Bytes:,0
In:,52.49.92.75/4500,193.240.145.129/4500;udp,reth30.1,Pkts:,0,Bytes:,0
In:,52.17.122.120/4500,193.240.145.129/4500;udp,reth30.1,Pkts:,0,Bytes:,0
In:,5.101.40.47/46199,193.240.145.137/33007;tcp,reth30.1,Pkts:,0,Bytes:,0
Out:,193.240.145.137/33007,5.101.40.47/46199;tcp,reth30.0,Pkts:,0,Bytes:,0
In:,212.61.24.35/13979,193.240.145.129/42445;esp,reth30.1,Pkts:,0,Bytes:,0
In:,212.61.24.35/56282,193.240.145.129/47743;esp,reth30.1,Pkts:,0,Bytes:,0
In:,52.30.36.19/4500,193.240.145.129/4500;udp,reth30.1,Pkts:,0,Bytes:,0
In:,52.209.91.168/4500,193.240.145.129/4500;udp,reth30.1,Pkts:,0,Bytes:,0
In:,193.240.145.129/500,52.17.122.120/500;udp,.local..4,Pkts:,0,Bytes:,0
Out:,52.17.122.120/500,193.240.145.129/500;udp,reth30.1,Pkts:,0,Bytes:,0
In:,193.240.145.129/500,52.209.135.136/500;udp,.local..4,Pkts:,0,Bytes:,0
Out:,52.209.135.136/500,193.240.145.129/500;udp,reth30.1,Pkts:,0,Bytes:,0
In:,193.240.145.131/500,82.141.192.102/500;udp,.local..4,Pkts:,0,Bytes:,0
Out:,82.141.192.102/500,193.240.145.131/500;udp,reth30.1,Pkts:,0,Bytes:,0
In:,107.170.228.51/51339,193.240.145.145/139;tcp,reth30.1,Pkts:,0,Bytes:,0
Out:,193.240.145.145/139,107.170.228.51/51339;tcp,reth30.0,Pkts:,0,Bytes:,0
In:,193.240.145.129/500,89.197.20.113/500;udp,.local..4,Pkts:,0,Bytes:,0
Out:,89.197.20.113/500,193.240.145.129/500;udp,reth30.1,Pkts:,0,Bytes:,0
In:,194.145.154.83/0,193.240.145.129/0;esp,reth30.1,Pkts:,0,Bytes:,0
In:,193.240.145.129/500,52.208.239.154/500;udp,.local..4,Pkts:,0,Bytes:,0
Out:,52.208.239.154/500,193.240.145.129/500;udp,reth30.1,Pkts:,0,Bytes:,0
In:,52.212.23.168/4500,193.240.145.129/4500;udp,reth30.1,Pkts:,0,Bytes:,0
In:,52.212.119.21/4500,193.240.145.129/4500;udp,reth30.1,Pkts:,0,Bytes:,0
In:,54.76.209.248/4500,193.240.145.129/4500;udp,reth30.1,Pkts:,0,Bytes:,0
In:,82.141.192.101/4500,193.240.145.129/4500;udp,reth30.1,Pkts:,0,Bytes:,0
In:,194.145.154.83/0,193.240.145.129/0;ah,reth30.1,Pkts:,0,Bytes:,0
In:,194.145.154.83/0,193.240.145.129/0;esp,reth30.1,Pkts:,0,Bytes:,0
In:,52.50.18.253/4500,193.240.145.129/4500;udp,reth30.1,Pkts:,0,Bytes:,0
In:,71.6.158.166/58022,193.240.145.140/8086;tcp,reth30.1,Pkts:,1,Bytes:,40
Out:,193.240.145.140/8086,71.6.158.166/58022;tcp,reth30.0,Pkts:,0,Bytes:,0
In:,27.211.64.172/25191,193.240.145.147/1433;tcp,reth30.1,Pkts:,1,Bytes:,40
Out:,193.240.145.147/1433,27.211.64.172/25191;tcp,reth30.0,Pkts:,0,Bytes:,0
In:,52.211.51.195/4500,193.240.145.129/4500;udp,reth30.1,Pkts:,0,Bytes:,0
In:,52.50.206.47/4500,193.240.145.129/4500;udp,reth30.1,Pkts:,0,Bytes:,0
In:,64.214.106.54/51611,64.214.106.53/179;tcp,.local..4,Pkts:,5458,Bytes:,270511
Out:,64.214.106.53/179,64.214.106.54/51611;tcp,reth30.1,Pkts:,5449,Bytes:,269901
In:,196.52.43.88/6666,193.240.145.130/6379;tcp,reth30.1,Pkts:,1,Bytes:,40
Out:,193.240.145.130/6379,196.52.43.88/6666;tcp,reth30.0,Pkts:,0,Bytes:,0
In:,193.240.145.129/500,52.17.122.120/500;udp,.local..4,Pkts:,6485,Bytes:,2049260
Out:,52.17.122.120/500,193.240.145.129/500;udp,reth30.1,Pkts:,0,Bytes:,0
In:,193.240.145.129/500,52.208.239.154/500;udp,.local..4,Pkts:,6661,Bytes:,2104876
Out:,52.208.239.154/500,193.240.145.129/500;udp,reth30.1,Pkts:,0,Bytes:,0
In:,52.30.36.19/4500,193.240.145.129/4500;udp,reth30.1,Pkts:,0,Bytes:,0
In:,106.75.18.148/58207,193.240.145.137/8118;tcp,reth30.1,Pkts:,1,Bytes:,40
Out:,193.240.145.137/8118,106.75.18.148/58207;tcp,reth30.0,Pkts:,0,Bytes:,0
In:,82.141.192.101/4500,193.240.145.129/4500;udp,reth30.1,Pkts:,0,Bytes:,0
In:,191.101.167.247/53908,193.240.145.149/2222;tcp,reth30.1,Pkts:,1,Bytes:,40
Out:,193.240.145.149/2222,191.101.167.247/53908;tcp,reth30.0,Pkts:,0,Bytes:,0
In:,193.240.145.129/500,82.141.192.101/500;udp,.local..4,Pkts:,3728,Bytes:,1178048
Out:,82.141.192.101/500,193.240.145.129/500;udp,reth30.1,Pkts:,0,Bytes:,0
In:,210.177.15.221/500,193.240.145.129/500;udp,reth30.1,Pkts:,3,Bytes:,520
Out:,193.240.145.129/500,210.177.15.221/500;udp,.local..4,Pkts:,1,Bytes:,376
In:,52.17.122.120/4500,193.240.145.129/4500;udp,reth30.1,Pkts:,0,Bytes:,0
In:,82.141.192.102/4500,193.240.145.131/4500;udp,reth30.1,Pkts:,0,Bytes:,0
In:,193.240.145.129/500,193.240.183.90/500;udp,.local..4,Pkts:,3725,Bytes:,1177100
Out:,193.240.183.90/500,193.240.145.129/500;udp,reth30.1,Pkts:,0,Bytes:,0
In:,193.240.145.129/500,52.209.135.136/500;udp,.local..4,Pkts:,6530,Bytes:,2063480
Out:,52.209.135.136/500,193.240.145.129/500;udp,reth30.1,Pkts:,0,Bytes:,0
In:,77.72.82.98/59882,193.240.145.153/3357;tcp,reth30.1,Pkts:,1,Bytes:,40
Out:,193.240.145.153/3357,77.72.82.98/59882;tcp,reth30.0,Pkts:,0,Bytes:,0
In:,193.240.145.129/500,89.197.20.113/500;udp,.local..4,Pkts:,3725,Bytes:,1177100
Out:,89.197.20.113/500,193.240.145.129/500;udp,reth30.1,Pkts:,0,Bytes:,0
In:,49.248.91.42/28010,193.240.145.129/51657;esp,reth30.1,Pkts:,0,Bytes:,0
In:,41.164.143.68/7384,193.240.145.129/64112;esp,reth30.1,Pkts:,0,Bytes:,0
In:,210.177.15.221/12363,193.240.145.129/55174;esp,reth30.1,Pkts:,0,Bytes:,0
In:,209.64.5.154/1691,193.240.145.129/9801;esp,reth30.1,Pkts:,0,Bytes:,0
In:,80.227.150.194/53967,193.240.145.129/36453;esp,reth30.1,Pkts:,0,Bytes:,0
In:,82.141.192.101/37363,193.240.145.129/11550;esp,reth30.1,Pkts:,0,Bytes:,0
In:,82.141.192.101/0,193.240.145.129/0;esp,reth30.1,Pkts:,0,Bytes:,0
In:,52.30.36.19/64825,193.240.145.129/8151;esp,reth30.1,Pkts:,0,Bytes:,0
In:,52.209.91.168/46384,193.240.145.129/688;esp,reth30.1,Pkts:,0,Bytes:,0
In:,52.30.220.219/20267,193.240.145.129/22270;esp,reth30.1,Pkts:,0,Bytes:,0
In:,52.17.122.120/10863,193.240.145.129/65516;esp,reth30.1,Pkts:,0,Bytes:,0
In:,52.209.135.136/3043,193.240.145.129/54911;esp,reth30.1,Pkts:,0,Bytes:,0
In:,82.141.192.102/34321,193.240.145.131/9352;esp,reth30.1,Pkts:,0,Bytes:,0
In:,82.141.192.102/0,193.240.145.131/0;esp,reth30.1,Pkts:,0,Bytes:,0
In:,193.240.183.90/17076,193.240.145.129/51440;esp,reth30.1,Pkts:,0,Bytes:,0
In:,193.240.183.90/0,193.240.145.129/0;esp,reth30.1,Pkts:,0,Bytes:,0
In:,52.50.58.59/53183,193.240.145.129/9412;esp,reth30.1,Pkts:,0,Bytes:,0
In:,52.50.206.47/28138,193.240.145.129/41875;esp,reth30.1,Pkts:,0,Bytes:,0
In:,52.30.11.229/58881,193.240.145.129/44336;esp,reth30.1,Pkts:,0,Bytes:,0
In:,52.211.51.195/10885,193.240.145.129/39408;esp,reth30.1,Pkts:,0,Bytes:,0
In:,52.50.18.253/43459,193.240.145.129/45675;esp,reth30.1,Pkts:,0,Bytes:,0
In:,146.101.64.141/5419,193.240.145.129/1998;esp,reth30.1,Pkts:,0,Bytes:,0
In:,197.96.151.221/32964,193.240.145.129/40754;esp,reth30.1,Pkts:,0,Bytes:,0
In:,89.197.20.113/6257,193.240.145.129/5686;esp,reth30.1,Pkts:,0,Bytes:,0
In:,89.197.20.113/0,193.240.145.129/0;esp,reth30.1,Pkts:,0,Bytes:,0
In:,146.101.64.140/37939,193.240.145.129/28295;esp,reth30.1,Pkts:,0,Bytes:,0
In:,52.212.119.21/14573,193.240.145.129/4830;esp,reth30.1,Pkts:,0,Bytes:,0
In:,52.212.119.21/0,193.240.145.129/0;esp,reth30.1,Pkts:,0,Bytes:,0
In:,52.212.128.108/50966,193.240.145.129/11329;esp,reth30.1,Pkts:,0,Bytes:,0
In:,52.212.128.108/0,193.240.145.129/0;esp,reth30.1,Pkts:,0,Bytes:,0
In:,52.49.92.75/50570,193.240.145.129/18346;esp,reth30.1,Pkts:,0,Bytes:,0
In:,41.164.143.69/19857,193.240.145.131/3562;esp,reth30.1,Pkts:,0,Bytes:,0
In:,80.227.152.85/48846,193.240.145.131/45386;esp,reth30.1,Pkts:,0,Bytes:,0
In:,52.212.23.168/1738,193.240.145.129/19084;esp,reth30.1,Pkts:,0,Bytes:,0
In:,52.16.252.154/32010,193.240.145.129/19016;esp,reth30.1,Pkts:,0,Bytes:,0
In:,52.209.182.19/9697,193.240.145.129/34628;esp,reth30.1,Pkts:,0,Bytes:,0
In:,34.251.221.138/2385,193.240.145.129/47489;esp,reth30.1,Pkts:,0,Bytes:,0
In:,54.76.209.248/46361,193.240.145.129/21693;esp,reth30.1,Pkts:,0,Bytes:,0
In:,193.240.145.129/500,52.212.128.108/500;udp,.local..4,Pkts:,8282,Bytes:,2368652
Out:,52.212.128.108/500,193.240.145.129/500;udp,reth30.1,Pkts:,20703,Bytes:,4107260
In:,79.136.158.23/49859,193.240.145.156/445;tcp,reth30.1,Pkts:,1,Bytes:,52
Out:,193.240.145.156/445,79.136.158.23/49859;tcp,reth30.0,Pkts:,0,Bytes:,0
In:,212.61.24.35/13979,193.240.145.129/42445;esp,reth30.1,Pkts:,0,Bytes:,0
In:,52.209.135.136/4500,193.240.145.129/4500;udp,reth30.1,Pkts:,0,Bytes:,0
In:,191.101.167.243/55988,193.240.145.142/21090;tcp,reth30.1,Pkts:,1,Bytes:,40
Out:,193.240.145.142/21090,191.101.167.243/55988;tcp,reth30.0,Pkts:,0,Bytes:,0
In:,52.212.128.108/4500,193.240.145.129/4500;udp,reth30.1,Pkts:,0,Bytes:,0
In:,37.58.24.172/500,193.240.145.129/500;udp,reth30.1,Pkts:,1981,Bytes:,562604
Out:,193.240.145.129/500,37.58.24.172/500;udp,.local..4,Pkts:,1968,Bytes:,255840
In:,212.61.24.35/52644,193.240.145.129/475;esp,reth30.1,Pkts:,0,Bytes:,0
In:,34.251.221.138/4500,193.240.145.129/4500;udp,reth30.1,Pkts:,0,Bytes:,0
In:,52.30.11.229/4500,193.240.145.129/4500;udp,reth30.1,Pkts:,0,Bytes:,0
In:,46.22.219.244/47250,193.240.145.133/3360;tcp,reth30.1,Pkts:,1,Bytes:,40
Out:,193.240.145.133/3360,46.22.219.244/47250;tcp,reth30.0,Pkts:,0,Bytes:,0
In:,52.209.182.19/4500,193.240.145.129/4500;udp,reth30.1,Pkts:,0,Bytes:,0
In:,52.49.92.75/4500,193.240.145.129/4500;udp,reth30.1,Pkts:,0,Bytes:,0
In:,89.248.167.131/21934,193.240.145.134/47808;udp,reth30.1,Pkts:,1,Bytes:,45
Out:,193.240.145.134/47808,89.248.167.131/21934;udp,reth30.0,Pkts:,0,Bytes:,0
In:,77.72.82.135/46142,193.240.145.135/3996;tcp,reth30.1,Pkts:,1,Bytes:,40
Out:,193.240.145.135/3996,77.72.82.135/46142;tcp,reth30.0,Pkts:,0,Bytes:,0
In:,193.240.145.131/500,82.141.192.102/500;udp,.local..4,Pkts:,3728,Bytes:,1178048
Out:,82.141.192.102/500,193.240.145.131/500;udp,reth30.1,Pkts:,0,Bytes:,0
In:,77.72.82.135/46142,193.240.145.154/3996;tcp,reth30.1,Pkts:,1,Bytes:,40
Out:,193.240.145.154/3996,77.72.82.135/46142;tcp,reth30.0,Pkts:,0,Bytes:,0
In:,52.50.58.59/4500,193.240.145.129/4500;udp,reth30.1,Pkts:,0,Bytes:,0
In:,194.145.154.83/0,193.240.145.129/0;ah,reth30.1,Pkts:,0,Bytes:,0
In:,54.76.209.248/4500,193.240.145.129/4500;udp,reth30.1,Pkts:,0,Bytes:,0
In:,52.212.119.21/4500,193.240.145.129/4500;udp,reth30.1,Pkts:,0,Bytes:,0
In:,52.209.91.168/37860,193.240.145.129/45527;esp,reth30.1,Pkts:,0,Bytes:,0
In:,91.210.104.217/40685,193.240.145.138/7999;tcp,reth30.1,Pkts:,1,Bytes:,40
Out:,193.240.145.138/7999,91.210.104.217/40685;tcp,reth30.0,Pkts:,0,Bytes:,0
In:,52.209.91.168/4500,193.240.145.129/4500;udp,reth30.1,Pkts:,0,Bytes:,0
In:,52.30.220.219/4500,193.240.145.129/4500;udp,reth30.1,Pkts:,0,Bytes:,0
In:,52.16.252.154/4500,193.240.145.129/4500;udp,reth30.1,Pkts:,0,Bytes:,0
In:,212.61.24.35/56282,193.240.145.129/47743;esp,reth30.1,Pkts:,0,Bytes:,0
In:,64.39.103.237/500,193.240.145.129/500;udp,reth30.1,Pkts:,2,Bytes:,755
Out:,193.240.145.129/500,64.39.103.237/500;udp,.local..4,Pkts:,1,Bytes:,130
In:,212.61.24.35/21640,193.240.145.129/57296;esp,reth30.1,Pkts:,0,Bytes:,0
In:,52.212.23.168/4500,193.240.145.129/4500;udp,reth30.1,Pkts:,0,Bytes:,0
In:,159.65.13.223/6537,193.240.145.158/123;udp,reth30.1,Pkts:,1,Bytes:,46
Out:,193.240.145.158/123,159.65.13.223/6537;udp,reth30.0,Pkts:,0,Bytes:,0
In:,212.61.24.35/52644,193.240.145.129/475;esp,reth30.1,Pkts:,0,Bytes:,0
In:,5.101.40.47/46199,193.240.145.128/33007;tcp,reth30.1,Pkts:,0,Bytes:,0
Out:,193.240.145.128/33007,5.101.40.47/46199;tcp,reth30.0,Pkts:,0,Bytes:,0
In:,64.39.103.237/500,193.240.145.129/500;udp,reth30.1,Pkts:,0,Bytes:,0
Out:,193.240.145.129/500,64.39.103.237/500;udp,.local..4,Pkts:,0,Bytes:,0
In:,52.16.252.154/4500,193.240.145.129/4500;udp,reth30.1,Pkts:,0,Bytes:,0
In:,49.248.91.42/28010,193.240.145.129/51657;esp,reth30.1,Pkts:,0,Bytes:,0
In:,41.164.143.68/7384,193.240.145.129/64112;esp,reth30.1,Pkts:,0,Bytes:,0
In:,210.177.15.221/12363,193.240.145.129/55174;esp,reth30.1,Pkts:,0,Bytes:,0
In:,209.64.5.154/1691,193.240.145.129/9801;esp,reth30.1,Pkts:,0,Bytes:,0
In:,80.227.150.194/53967,193.240.145.129/36453;esp,reth30.1,Pkts:,0,Bytes:,0
In:,82.141.192.101/37363,193.240.145.129/11550;esp,reth30.1,Pkts:,0,Bytes:,0
In:,82.141.192.101/0,193.240.145.129/0;esp,reth30.1,Pkts:,0,Bytes:,0
In:,52.30.36.19/64825,193.240.145.129/8151;esp,reth30.1,Pkts:,0,Bytes:,0
In:,52.209.91.168/46384,193.240.145.129/688;esp,reth30.1,Pkts:,0,Bytes:,0
In:,52.30.220.219/20267,193.240.145.129/22270;esp,reth30.1,Pkts:,0,Bytes:,0
In:,52.17.122.120/10863,193.240.145.129/65516;esp,reth30.1,Pkts:,0,Bytes:,0
In:,52.209.135.136/3043,193.240.145.129/54911;esp,reth30.1,Pkts:,0,Bytes:,0
In:,82.141.192.102/34321,193.240.145.131/9352;esp,reth30.1,Pkts:,0,Bytes:,0
In:,82.141.192.102/0,193.240.145.131/0;esp,reth30.1,Pkts:,0,Bytes:,0
In:,193.240.183.90/17076,193.240.145.129/51440;esp,reth30.1,Pkts:,0,Bytes:,0
In:,193.240.183.90/0,193.240.145.129/0;esp,reth30.1,Pkts:,0,Bytes:,0
In:,52.50.58.59/53183,193.240.145.129/9412;esp,reth30.1,Pkts:,0,Bytes:,0
In:,52.50.206.47/28138,193.240.145.129/41875;esp,reth30.1,Pkts:,0,Bytes:,0
In:,52.30.11.229/58881,193.240.145.129/44336;esp,reth30.1,Pkts:,0,Bytes:,0
In:,52.211.51.195/10885,193.240.145.129/39408;esp,reth30.1,Pkts:,0,Bytes:,0
In:,52.50.18.253/43459,193.240.145.129/45675;esp,reth30.1,Pkts:,0,Bytes:,0
In:,146.101.64.141/5419,193.240.145.129/1998;esp,reth30.1,Pkts:,0,Bytes:,0
In:,197.96.151.221/32964,193.240.145.129/40754;esp,reth30.1,Pkts:,0,Bytes:,0
In:,89.197.20.113/6257,193.240.145.129/5686;esp,reth30.1,Pkts:,0,Bytes:,0
In:,89.197.20.113/0,193.240.145.129/0;esp,reth30.1,Pkts:,0,Bytes:,0
In:,146.101.64.140/37939,193.240.145.129/28295;esp,reth30.1,Pkts:,0,Bytes:,0
In:,52.212.119.21/14573,193.240.145.129/4830;esp,reth30.1,Pkts:,0,Bytes:,0
In:,52.212.119.21/0,193.240.145.129/0;esp,reth30.1,Pkts:,0,Bytes:,0
In:,52.212.128.108/50966,193.240.145.129/11329;esp,reth30.1,Pkts:,0,Bytes:,0
In:,52.212.128.108/0,193.240.145.129/0;esp,reth30.1,Pkts:,0,Bytes:,0
In:,52.49.92.75/50570,193.240.145.129/18346;esp,reth30.1,Pkts:,0,Bytes:,0
In:,41.164.143.69/19857,193.240.145.131/3562;esp,reth30.1,Pkts:,0,Bytes:,0
In:,80.227.152.85/48846,193.240.145.131/45386;esp,reth30.1,Pkts:,0,Bytes:,0
In:,52.212.23.168/1738,193.240.145.129/19084;esp,reth30.1,Pkts:,0,Bytes:,0
In:,52.16.252.154/32010,193.240.145.129/19016;esp,reth30.1,Pkts:,0,Bytes:,0
In:,52.209.182.19/9697,193.240.145.129/34628;esp,reth30.1,Pkts:,0,Bytes:,0
In:,34.251.221.138/2385,193.240.145.129/47489;esp,reth30.1,Pkts:,0,Bytes:,0
In:,54.76.209.248/46361,193.240.145.129/21693;esp,reth30.1,Pkts:,0,Bytes:,0
In:,196.52.43.88/6666,193.240.145.130/6379;tcp,reth30.1,Pkts:,0,Bytes:,0
Out:,193.240.145.130/6379,196.52.43.88/6666;tcp,reth30.0,Pkts:,0,Bytes:,0
In:,82.141.192.102/4500,193.240.145.131/4500;udp,reth30.1,Pkts:,0,Bytes:,0
In:,193.240.145.129/500,193.240.183.90/500;udp,.local..4,Pkts:,0,Bytes:,0
Out:,193.240.183.90/500,193.240.145.129/500;udp,reth30.1,Pkts:,0,Bytes:,0
In:,52.209.135.136/4500,193.240.145.129/4500;udp,reth30.1,Pkts:,0,Bytes:,0
In:,52.212.128.108/4500,193.240.145.129/4500;udp,reth30.1,Pkts:,0,Bytes:,0
In:,52.30.220.219/4500,193.240.145.129/4500;udp,reth30.1,Pkts:,0,Bytes:,0
In:,52.209.91.168/4500,193.240.145.129/4500;udp,reth30.1,Pkts:,0,Bytes:,0
In:,210.177.15.221/500,193.240.145.129/500;udp,reth30.1,Pkts:,0,Bytes:,0
Out:,193.240.145.129/500,210.177.15.221/500;udp,.local..4,Pkts:,0,Bytes:,0
In:,52.30.11.229/4500,193.240.145.129/4500;udp,reth30.1,Pkts:,0,Bytes:,0
In:,77.72.82.98/59882,193.240.145.153/3357;tcp,reth30.1,Pkts:,0,Bytes:,0
Out:,193.240.145.153/3357,77.72.82.98/59882;tcp,reth30.0,Pkts:,0,Bytes:,0
In:,71.6.158.166/58022,193.240.145.140/8086;tcp,reth30.1,Pkts:,0,Bytes:,0
Out:,193.240.145.140/8086,71.6.158.166/58022;tcp,reth30.0,Pkts:,0,Bytes:,0
In:,34.251.221.138/4500,193.240.145.129/4500;udp,reth30.1,Pkts:,0,Bytes:,0
In:,79.136.158.23/49859,193.240.145.156/445;tcp,reth30.1,Pkts:,0,Bytes:,0
Out:,193.240.145.156/445,79.136.158.23/49859;tcp,reth30.0,Pkts:,0,Bytes:,0
In:,52.50.206.47/4500,193.240.145.129/4500;udp,reth30.1,Pkts:,0,Bytes:,0
In:,52.209.182.19/4500,193.240.145.129/4500;udp,reth30.1,Pkts:,0,Bytes:,0
In:,52.50.18.253/4500,193.240.145.129/4500;udp,reth30.1,Pkts:,0,Bytes:,0
In:,91.210.104.217/40685,193.240.145.138/7999;tcp,reth30.1,Pkts:,0,Bytes:,0
Out:,193.240.145.138/7999,91.210.104.217/40685;tcp,reth30.0,Pkts:,0,Bytes:,0
In:,64.214.106.54/51611,64.214.106.53/179;tcp,.local..4,Pkts:,0,Bytes:,0
Out:,64.214.106.53/179,64.214.106.54/51611;tcp,reth30.1,Pkts:,0,Bytes:,0
In:,52.211.51.195/4500,193.240.145.129/4500;udp,reth30.1,Pkts:,0,Bytes:,0
In:,193.240.145.129/500,52.212.128.108/500;udp,.local..4,Pkts:,0,Bytes:,0
Out:,52.212.128.108/500,193.240.145.129/500;udp,reth30.1,Pkts:,0,Bytes:,0
In:,37.58.24.172/500,193.240.145.129/500;udp,reth30.1,Pkts:,0,Bytes:,0
Out:,193.240.145.129/500,37.58.24.172/500;udp,.local..4,Pkts:,0,Bytes:,0
In:,191.101.167.243/55988,193.240.145.142/21090;tcp,reth30.1,Pkts:,0,Bytes:,0
Out:,193.240.145.142/21090,191.101.167.243/55988;tcp,reth30.0,Pkts:,0,Bytes:,0
In:,193.240.145.129/500,82.141.192.101/500;udp,.local..4,Pkts:,0,Bytes:,0
Out:,82.141.192.101/500,193.240.145.129/500;udp,reth30.1,Pkts:,0,Bytes:,0
In:,52.30.36.19/4500,193.240.145.129/4500;udp,reth30.1,Pkts:,0,Bytes:,0
In:,212.61.24.35/21640,193.240.145.129/57296;esp,reth30.1,Pkts:,0,Bytes:,0
In:,159.65.13.223/6537,193.240.145.158/123;udp,reth30.1,Pkts:,0,Bytes:,0
Out:,193.240.145.158/123,159.65.13.223/6537;udp,reth30.0,Pkts:,0,Bytes:,0
In:,52.50.58.59/4500,193.240.145.129/4500;udp,reth30.1,Pkts:,0,Bytes:,0
In:,52.49.92.75/4500,193.240.145.129/4500;udp,reth30.1,Pkts:,0,Bytes:,0
In:,52.17.122.120/4500,193.240.145.129/4500;udp,reth30.1,Pkts:,0,Bytes:,0
In:,212.61.24.35/13979,193.240.145.129/42445;esp,reth30.1,Pkts:,0,Bytes:,0
In:,212.61.24.35/56282,193.240.145.129/47743;esp,reth30.1,Pkts:,0,Bytes:,0
In:,106.75.18.148/58207,193.240.145.137/8118;tcp,reth30.1,Pkts:,0,Bytes:,0
Out:,193.240.145.137/8118,106.75.18.148/58207;tcp,reth30.0,Pkts:,0,Bytes:,0
In:,27.211.64.172/25191,193.240.145.147/1433;tcp,reth30.1,Pkts:,0,Bytes:,0
Out:,193.240.145.147/1433,27.211.64.172/25191;tcp,reth30.0,Pkts:,0,Bytes:,0
In:,46.22.219.244/47250,193.240.145.133/3360;tcp,reth30.1,Pkts:,0,Bytes:,0
Out:,193.240.145.133/3360,46.22.219.244/47250;tcp,reth30.0,Pkts:,0,Bytes:,0
In:,89.248.167.131/21934,193.240.145.134/47808;udp,reth30.1,Pkts:,0,Bytes:,0
Out:,193.240.145.134/47808,89.248.167.131/21934;udp,reth30.0,Pkts:,0,Bytes:,0
In:,193.240.145.129/500,52.17.122.120/500;udp,.local..4,Pkts:,0,Bytes:,0
Out:,52.17.122.120/500,193.240.145.129/500;udp,reth30.1,Pkts:,0,Bytes:,0
In:,191.101.167.247/53908,193.240.145.149/2222;tcp,reth30.1,Pkts:,0,Bytes:,0
Out:,193.240.145.149/2222,191.101.167.247/53908;tcp,reth30.0,Pkts:,0,Bytes:,0
In:,193.240.145.129/500,52.209.135.136/500;udp,.local..4,Pkts:,0,Bytes:,0
Out:,52.209.135.136/500,193.240.145.129/500;udp,reth30.1,Pkts:,0,Bytes:,0
In:,193.240.145.131/500,82.141.192.102/500;udp,.local..4,Pkts:,0,Bytes:,0
Out:,82.141.192.102/500,193.240.145.131/500;udp,reth30.1,Pkts:,0,Bytes:,0
In:,193.240.145.129/500,89.197.20.113/500;udp,.local..4,Pkts:,0,Bytes:,0
Out:,89.197.20.113/500,193.240.145.129/500;udp,reth30.1,Pkts:,0,Bytes:,0
In:,194.145.154.83/0,193.240.145.129/0;esp,reth30.1,Pkts:,0,Bytes:,0
In:,193.240.145.129/500,52.208.239.154/500;udp,.local..4,Pkts:,0,Bytes:,0
Out:,52.208.239.154/500,193.240.145.129/500;udp,reth30.1,Pkts:,0,Bytes:,0
In:,52.212.23.168/4500,193.240.145.129/4500;udp,reth30.1,Pkts:,0,Bytes:,0
In:,52.212.119.21/4500,193.240.145.129/4500;udp,reth30.1,Pkts:,0,Bytes:,0
In:,54.76.209.248/4500,193.240.145.129/4500;udp,reth30.1,Pkts:,0,Bytes:,0
In:,82.141.192.101/4500,193.240.145.129/4500;udp,reth30.1,Pkts:,0,Bytes:,0
In:,194.145.154.83/0,193.240.145.129/0;ah,reth30.1,Pkts:,0,Bytes:,0
